{
  "group_seed": "251629262485537119060102",
  "split_random_state": 5943,
  "dataset_rows": 545,
  "dataset_columns": 13,
  "train_rows": 381,
  "test_rows": 164,
  "removed_var_1": "semi-furnished",
  "removed_var_2": "bedrooms",
  "lr_1_r2": 0.24753524485609735,
  "lr_2_r2": 0.39980102933813955,
  "lr_3_r2": 0.43624175558241374,
  "lr_4_r2": 0.6713039136045683,
  "lr_5_r2": 0.6708807954798197,
  "lr_6_r2": 0.6675363877668579,
  "final_model_variables": [
    "const",
    "area",
    "bathrooms",
    "stories",
    "mainroad",
    "guestroom",
    "basement",
    "hotwaterheating",
    "airconditioning",
    "parking",
    "prefarea",
    "unfurnished"
  ],
  "final_model_coefficients": {
    "const": 0.0488888461314286,
    "area": 0.2841546432437152,
    "bathrooms": 0.15681522289850164,
    "stories": 0.15819194117023025,
    "mainroad": 0.03236541595540868,
    "guestroom": 0.031831408349241086,
    "basement": 0.04513093053005526,
    "hotwaterheating": 0.15753633927228466,
    "airconditioning": 0.08660279645246924,
    "parking": 0.08788429551225538,
    "prefarea": 0.06440038955647807,
    "unfurnished": -0.03841502811572088
  },
  "rmse_test": 0.1063582165760799,
  "r2_test": 0.6696930827037607,
  "residual_mean": -4.75705797296737e-16,
  "residual_std": 0.10080454699248459,
  "final_equation": "price = 0.0489 + 0.2842 * area + 0.1568 * bathrooms + 0.1582 * stories + 0.0324 * mainroad + 0.0318 * guestroom + 0.0451 * basement + 0.1575 * hotwaterheating + 0.0866 * airconditioning + 0.0879 * parking + 0.0644 * prefarea + -0.0384 * unfurnished",
  "fingerprint": "94e56709b20c10cbb7520a33bed5b00365978947725a09634db91db4abf9fae7"
}